P2.01,P2.02
P2.01,P2.03
P2.01,P2.04
P2.01,P2.05
P2.01,P2.06
P2.07,P2.08
P2.08,P2.09
P2.03,P2.10
P2.04,P2.10
P2.05,P2.10
P2.05,P2.12
P2.06,P2.10
P2.09,P2.10
P2.09,P2.11
P2.09,P2.12
P2.09,P2.13
P2.09,P2.14a
P2.09,P2.16a
P2.09,P2.17
P2.09,P2.18
P2.09,P2.19
P2.14a,P2.14b
P2.14b,P2.15
P2.14b,P2.19
P2.16a,P2.16b
P2.16b,P2.18
P2.17,P2.18
P2.10,P2.19
P2.11,P2.19
P2.12,P2.19
P2.13,P2.19
P2.121,P2.12
P2.121,P2.11
P2.15,P2.19
P2.18,P2.19
P2.19,P2.20
P3.01a,P3.01b
P3.01b,P3.02a
P3.02a,P3.02b
P3.02b,P3.03a
P3.02b,P3.06
P3.03a,P3.03b
P3.03b,P3.04a
P3.03b,P3.05a
P3.04a,P3.04b
P3.05a,P3.05b
P4.01a,P4.01b
P4.01b,P4.02a
P4.02a,P4.03a
P4.03a,P4.03b
P4.03b,P4.04a
P4.04a,P4.04b
P5.01a,P5.01b
P5.01b,P5.01c
P5.01c,P5.02a
P5.02a,P5.02b
P5.02b,P5.02c
P5.02c,P5.02d
P5.02d,P5.03a
P5.03a,P5.03b
P5.03b,P5.03c
P5.03c,P5.04a
P5.04a,P5.04b
P5.04b,P5.04c
P5.01a,P2.19
P5.01a,P3.02b
P5.02b,P3.06
P6.01,P6.02
P6.02,P6.03
P6.03,P6.04
P6.01,P2.09
P6.01,P2.19
P6.02,P3.02b
P6.03,P5.03c
P6.03,P2.19
P6.03,P2.09
P7.01,P7.02
P7.02,P7.03
P7.01,P2.09
P7.01,P1.09
P7.02,P2.19
P7.02,P3.02b
P8.01,P8.02
P8.01,P8.03
P8.01,P8.04
P8.01,P2.14b
P8.01,P7.02
P8.02,P7.02
P8.03,P7.02
P9.01,P9.04
P9.02,P9.04
P9.03,P9.04
P9.01,P4.01b
P9.01,P5.03c
P9.01,P6.01
P9.01,P6.02
P9.02,P4.01b
P9.02,P4.02a
P9.02,P5.03c
P9.02,P3.02b
P9.03,P3.03b
P9.03,P3.04b
P9.03,P5.03c
P9.03,P2.19
P10.01,P10.02
P10.02,P10.03
P10.03,P10.04
P10.01,P1.09
P10.01,P7.01
P10.02,P10.01
P10.03,P10.02
P10.03,P9.04
P10.04,P10.03
P10.04,P1.09
P10.04,P7.02
